{
  "knn_distance": {
    "method": "knn_distance",
    "auc": 0.47139792806375425,
    "cvr_at_threshold": 0.34872761545711595,
    "mvr_at_threshold": 0.412327947336924,
    "threshold": 0.2,
    "cvr_optimal": 0.9802073515551367,
    "mvr_optimal": 0.9575104727707959,
    "optimal_threshold": 0.04147139936685562,
    "n_oos": 1061,
    "n_is": 1671,
    "oos_ratio": 0.3883601756954612
  },
  "disagreement": {
    "method": "disagreement",
    "auc": 0.3893594843792567,
    "cvr_at_threshold": 0.04241281809613572,
    "mvr_at_threshold": 0.054458408138839016,
    "threshold": 0.2,
    "cvr_optimal": 0.007540056550424128,
    "mvr_optimal": 0.003590664272890485,
    "optimal_threshold": 0.2984337087616833,
    "n_oos": 1061,
    "n_is": 1671,
    "oos_ratio": 0.3883601756954612
  },
  "entropy": {
    "method": "entropy",
    "auc": 0.655679211430112,
    "cvr_at_threshold": 1.0,
    "mvr_at_threshold": 1.0,
    "threshold": 0.2,
    "cvr_optimal": 0.764373232799246,
    "mvr_optimal": 0.5122681029323758,
    "optimal_threshold": 0.9280195854110226,
    "n_oos": 1061,
    "n_is": 1671,
    "oos_ratio": 0.3883601756954612
  },
  "confidence_delta": {
    "method": "confidence_delta",
    "auc": 0.3886352599170526,
    "cvr_at_threshold": 0.6098020735155514,
    "mvr_at_threshold": 0.7528426092160383,
    "threshold": 0.2,
    "cvr_optimal": 0.9990574929311969,
    "mvr_optimal": 0.997606223818073,
    "optimal_threshold": 0.0007558917905080964,
    "n_oos": 1061,
    "n_is": 1671,
    "oos_ratio": 0.3883601756954612
  },
  "composite": {
    "method": "composite",
    "auc": 0.3971048506681873,
    "cvr_at_threshold": 1.0,
    "mvr_at_threshold": 1.0,
    "threshold": 0.2,
    "cvr_optimal": 0.00942507068803016,
    "mvr_optimal": 0.00718132854578097,
    "optimal_threshold": 0.5737497014657744,
    "n_oos": 1061,
    "n_is": 1671,
    "oos_ratio": 0.3883601756954612
  },
  "energy_score": {
    "method": "energy_score",
    "auc": 0.3443207885698879,
    "cvr_at_threshold": 1.0,
    "mvr_at_threshold": 1.0,
    "threshold": 0.2,
    "cvr_optimal": 0.998114985862394,
    "mvr_optimal": 0.995212447636146,
    "optimal_threshold": 1.193157434463501,
    "n_oos": 1061,
    "n_is": 1671,
    "oos_ratio": 0.3883601756954612
  },
  "mahalanobis": {
    "method": "mahalanobis",
    "auc": 0.5672970352484106,
    "cvr_at_threshold": 0.0,
    "mvr_at_threshold": 0.0,
    "threshold": 0.2,
    "cvr_optimal": 0.530631479736098,
    "mvr_optimal": 0.40514661879114305,
    "optimal_threshold": -592.6171875,
    "n_oos": 1061,
    "n_is": 1671,
    "oos_ratio": 0.3883601756954612
  },
  "relative_mahalanobis": {
    "method": "relative_mahalanobis",
    "auc": 0.341691526630196,
    "cvr_at_threshold": 0.49670122525918947,
    "mvr_at_threshold": 0.7157390783961699,
    "threshold": 0.2,
    "cvr_optimal": 1.0,
    "mvr_optimal": 0.997606223818073,
    "optimal_threshold": -0.4708878695964813,
    "n_oos": 1061,
    "n_is": 1671,
    "oos_ratio": 0.3883601756954612
  }
}