{
  "B1 model-only": {
    "acc": 0.612371888726208,
    "f1": 0.6116350498002393,
    "mcc": 0.24268161510813116,
    "ece": 0.19680318341073672,
    "brier": 0.5269645672374601
  },
  "B3 +temp": {
    "acc": 0.612371888726208,
    "f1": 0.6116350498002393,
    "mcc": 0.24268161510813116,
    "ece": 0.05531223622282987,
    "brier": 0.4420007240192853
  },
  "B4 kNN (unpatched T=10)": {
    "acc": 0.5955344070278185,
    "f1": 0.5916927601835047,
    "mcc": 0.22274865335939564,
    "ece": 0.1483281646889022,
    "brier": 0.5193914078829538
  },
  "B4 kNN (P1 T=0.1 +P3 prior)": {
    "acc": 0.5973645680819912,
    "f1": 0.591402983905748,
    "mcc": 0.23423870315439435,
    "ece": 0.1556015140256044,
    "brier": 0.5262177736245857
  },
  "M1 OURS (unpatched)": {
    "acc": 0.5948023426061494,
    "f1": 0.5905935959940951,
    "mcc": 0.22255798683416658,
    "ece": 0.09113032092902346,
    "brier": 0.4807486233881339
  },
  "M1+ (P1+P3)": {
    "acc": 0.5973645680819912,
    "f1": 0.5905677446075707,
    "mcc": 0.23704047520002458,
    "ece": 0.09551998446195813,
    "brier": 0.48466230935930393
  },
  "M1++ (P1+P3+P4 recal T=1.85)": {
    "acc": 0.5973645680819912,
    "f1": 0.5905677446075707,
    "mcc": 0.23704047520002458,
    "ece": 0.045670813723077755,
    "brier": 0.4638720923138257
  }
}