{
  "knn_distance": {
    "method": "knn_distance",
    "auc": 0.6971387915105801,
    "cvr_at_threshold": 0.47946428571428573,
    "mvr_at_threshold": 0.20481927710843373,
    "threshold": 0.2,
    "cvr_optimal": 0.6526785714285714,
    "mvr_optimal": 0.3548901488306166,
    "optimal_threshold": 0.12801529467105865,
    "n_oos": 1120,
    "n_is": 5644,
    "oos_ratio": 0.16558249556475457
  },
  "disagreement": {
    "method": "disagreement",
    "auc": 0.7718831470841349,
    "cvr_at_threshold": 0.10803571428571429,
    "mvr_at_threshold": 0.019844082211197732,
    "threshold": 0.2,
    "cvr_optimal": 0.7776785714285714,
    "mvr_optimal": 0.3391211906449327,
    "optimal_threshold": 0.06625228886335521,
    "n_oos": 1120,
    "n_is": 5644,
    "oos_ratio": 0.16558249556475457
  },
  "entropy": {
    "method": "entropy",
    "auc": 0.7653297275235394,
    "cvr_at_threshold": 1.0,
    "mvr_at_threshold": 1.0,
    "threshold": 0.2,
    "cvr_optimal": 0.6991071428571428,
    "mvr_optimal": 0.29659815733522327,
    "optimal_threshold": 0.3655772998895124,
    "n_oos": 1120,
    "n_is": 5644,
    "oos_ratio": 0.16558249556475457
  },
  "confidence_delta": {
    "method": "confidence_delta",
    "auc": 0.6148912087425332,
    "cvr_at_threshold": 0.4642857142857143,
    "mvr_at_threshold": 0.21545003543586108,
    "threshold": 0.2,
    "cvr_optimal": 0.5276785714285714,
    "mvr_optimal": 0.25992204110559886,
    "optimal_threshold": 0.18714293000393994,
    "n_oos": 1120,
    "n_is": 5644,
    "oos_ratio": 0.16558249556475457
  },
  "composite": {
    "method": "composite",
    "auc": 0.7776235983851373,
    "cvr_at_threshold": 0.6553571428571429,
    "mvr_at_threshold": 0.231218993621545,
    "threshold": 0.2,
    "cvr_optimal": 0.6892857142857143,
    "mvr_optimal": 0.25744153082919913,
    "optimal_threshold": 0.19132212214174144,
    "n_oos": 1120,
    "n_is": 5644,
    "oos_ratio": 0.16558249556475457
  },
  "energy_score": {
    "method": "energy_score",
    "auc": 0.234419532120077,
    "cvr_at_threshold": 1.0,
    "mvr_at_threshold": 1.0,
    "threshold": 0.2,
    "cvr_optimal": 1.0,
    "mvr_optimal": 0.9998228206945429,
    "optimal_threshold": 1.6425858736038208,
    "n_oos": 1120,
    "n_is": 5644,
    "oos_ratio": 0.16558249556475457
  },
  "mahalanobis": {
    "method": "mahalanobis",
    "auc": 0.315140999924066,
    "cvr_at_threshold": 0.0,
    "mvr_at_threshold": 0.0,
    "threshold": 0.2,
    "cvr_optimal": 1.0,
    "mvr_optimal": 0.9994684620836286,
    "optimal_threshold": -4009.9912109375,
    "n_oos": 1120,
    "n_is": 5644,
    "oos_ratio": 0.16558249556475457
  },
  "relative_mahalanobis": {
    "method": "relative_mahalanobis",
    "auc": 0.3086900912473423,
    "cvr_at_threshold": 0.6723214285714286,
    "mvr_at_threshold": 0.9227498228206945,
    "threshold": 0.2,
    "cvr_optimal": 0.0017857142857142857,
    "mvr_optimal": 0.00035435861091424523,
    "optimal_threshold": 14.141703605651855,
    "n_oos": 1120,
    "n_is": 5644,
    "oos_ratio": 0.16558249556475457
  }
}