{
  "B1 model-only": {
    "acc": 0.8058840922531046,
    "f1": 0.7614424995909739,
    "mcc": 0.7168544622446209,
    "ece": 0.06853967678134507,
    "brier": 0.3003392989465746,
    "meanconf": 0.8739203810691833
  },
  "B3 +temp T=1.33": {
    "acc": 0.8058840922531046,
    "f1": 0.7614424995909739,
    "mcc": 0.7168544622446209,
    "ece": 0.015774141007947325,
    "brier": 0.2921997859548737,
    "meanconf": 0.8089408278465271
  },
  "B4 kNN (unpatched T=10)": {
    "acc": 0.8194855115316381,
    "f1": 0.7811761752915536,
    "mcc": 0.7380339512539037,
    "ece": 0.05613143312015846,
    "brier": 0.27608013600903264,
    "meanconf": 0.8756169446517965
  },
  "B4 kNN (P1 T=0.1 +P3)": {
    "acc": 0.8363394441159078,
    "f1": 0.8099844774032502,
    "mcc": 0.7651923501247553,
    "ece": 0.04142849017533708,
    "brier": 0.2593931691337621,
    "meanconf": 0.8649371549075606
  },
  "M1 OURS (unpatched)": {
    "acc": 0.8190419869899468,
    "f1": 0.7806838356325321,
    "mcc": 0.737333087276641,
    "ece": 0.02616799282509962,
    "brier": 0.27263536793495513,
    "meanconf": 0.8452099798150465
  },
  "M1+ (P1+P3)": {
    "acc": 0.8345653459491426,
    "f1": 0.8064184059813939,
    "mcc": 0.7617115892194385,
    "ece": 0.007439226663418562,
    "brier": 0.2553766121843444,
    "meanconf": 0.8371027163337612
  },
  "M1++ (P1+P3+P4 recal T=1.04)": {
    "acc": 0.8345653459491426,
    "f1": 0.8064184059813939,
    "mcc": 0.7617115892194385,
    "ece": 0.00842231702773277,
    "brier": 0.2554079947685994,
    "meanconf": 0.8289888175298579
  }
}