{
  "knn_distance": {
    "method": "knn_distance",
    "auc": 0.687655983263844,
    "cvr_at_threshold": 0.32926829268292684,
    "mvr_at_threshold": 0.12865919768702566,
    "threshold": 0.2,
    "cvr_optimal": 0.6317073170731707,
    "mvr_optimal": 0.3534513913986267,
    "optimal_threshold": 0.09561651200056076,
    "n_oos": 1230,
    "n_is": 5534,
    "oos_ratio": 0.18184506209343584
  },
  "disagreement": {
    "method": "disagreement",
    "auc": 0.7667454112199236,
    "cvr_at_threshold": 0.13089430894308943,
    "mvr_at_threshold": 0.023852547885796892,
    "threshold": 0.2,
    "cvr_optimal": 0.7853658536585366,
    "mvr_optimal": 0.3543548970003614,
    "optimal_threshold": 0.07379875962317539,
    "n_oos": 1230,
    "n_is": 5534,
    "oos_ratio": 0.18184506209343584
  },
  "entropy": {
    "method": "entropy",
    "auc": 0.7647835553165796,
    "cvr_at_threshold": 1.0,
    "mvr_at_threshold": 1.0,
    "threshold": 0.2,
    "cvr_optimal": 0.7365853658536585,
    "mvr_optimal": 0.3299602457535237,
    "optimal_threshold": 0.3840712852387412,
    "n_oos": 1230,
    "n_is": 5534,
    "oos_ratio": 0.18184506209343584
  },
  "confidence_delta": {
    "method": "confidence_delta",
    "auc": 0.5617903808239384,
    "cvr_at_threshold": 0.5024390243902439,
    "mvr_at_threshold": 0.31568485724611495,
    "threshold": 0.2,
    "cvr_optimal": 0.36829268292682926,
    "mvr_optimal": 0.15016263100831226,
    "optimal_threshold": 0.2349554543217241,
    "n_oos": 1230,
    "n_is": 5534,
    "oos_ratio": 0.18184506209343584
  },
  "composite": {
    "method": "composite",
    "auc": 0.7763523936287429,
    "cvr_at_threshold": 0.640650406504065,
    "mvr_at_threshold": 0.21666064329598844,
    "threshold": 0.2,
    "cvr_optimal": 0.7170731707317073,
    "mvr_optimal": 0.2900252981568486,
    "optimal_threshold": 0.17999684337848754,
    "n_oos": 1230,
    "n_is": 5534,
    "oos_ratio": 0.18184506209343584
  },
  "energy_score": {
    "method": "energy_score",
    "auc": 0.23462990059969263,
    "cvr_at_threshold": 1.0,
    "mvr_at_threshold": 1.0,
    "threshold": 0.2,
    "cvr_optimal": 0.0008130081300813008,
    "mvr_optimal": 0.0003614022406938923,
    "optimal_threshold": 1.7419469356536865,
    "n_oos": 1230,
    "n_is": 5534,
    "oos_ratio": 0.18184506209343584
  },
  "mahalanobis": {
    "method": "mahalanobis",
    "auc": 0.33673139586473566,
    "cvr_at_threshold": 0.0,
    "mvr_at_threshold": 0.0,
    "threshold": 0.2,
    "cvr_optimal": 0.0,
    "mvr_optimal": 0.0,
    "optimal_threshold": Infinity,
    "n_oos": 1230,
    "n_is": 5534,
    "oos_ratio": 0.18184506209343584
  },
  "relative_mahalanobis": {
    "method": "relative_mahalanobis",
    "auc": 0.3237862908083364,
    "cvr_at_threshold": 0.7032520325203252,
    "mvr_at_threshold": 0.9289844597036502,
    "threshold": 0.2,
    "cvr_optimal": 0.0024390243902439024,
    "mvr_optimal": 0.001264907842428623,
    "optimal_threshold": 14.018295288085938,
    "n_oos": 1230,
    "n_is": 5534,
    "oos_ratio": 0.18184506209343584
  }
}