{
  "B1 model-only": {
    "acc": 0.8181549379065641,
    "f1": 0.7787190642193078,
    "mcc": 0.7341430386809378,
    "ece": 0.08179102672373027,
    "brier": 0.2877472277196682,
    "meanconf": 0.8999459743499756
  },
  "B3 +temp T=1.42": {
    "acc": 0.8181549379065641,
    "f1": 0.7787190642193078,
    "mcc": 0.7341430386809378,
    "ece": 0.022957295871112258,
    "brier": 0.27559675019641877,
    "meanconf": 0.8242416977882385
  },
  "B4 kNN (unpatched T=10)": {
    "acc": 0.8221466587817859,
    "f1": 0.7875611518514547,
    "mcc": 0.7409505896374922,
    "ece": 0.06791856752290903,
    "brier": 0.27250006727565884,
    "meanconf": 0.890065226304695
  },
  "B4 kNN (P1 T=0.1 +P3)": {
    "acc": 0.8305736250739207,
    "f1": 0.805047949475049,
    "mcc": 0.7559315365505543,
    "ece": 0.05269317411145468,
    "brier": 0.2680439087610817,
    "meanconf": 0.8743276992244667
  },
  "M1 OURS (unpatched)": {
    "acc": 0.8219988172678888,
    "f1": 0.7871065902534309,
    "mcc": 0.7406831253472503,
    "ece": 0.034562386399416195,
    "brier": 0.2668919736743797,
    "meanconf": 0.856561203667305
  },
  "M1+ (P1+P3)": {
    "acc": 0.8305736250739207,
    "f1": 0.8033800774293446,
    "mcc": 0.7552260434912058,
    "ece": 0.016372556915221038,
    "brier": 0.2609466009215908,
    "meanconf": 0.8445381506796046
  },
  "M1++ (P1+P3+P4 recal T=1.10)": {
    "acc": 0.8305736250739207,
    "f1": 0.8033800774293446,
    "mcc": 0.7552260434912058,
    "ece": 0.01689560354483427,
    "brier": 0.26064884534018423,
    "meanconf": 0.8229403187850701
  }
}