{
  "knn_distance": {
    "method": "knn_distance",
    "auc": 0.5548811890337354,
    "cvr_at_threshold": 0.9821428571428571,
    "mvr_at_threshold": 0.8908872901678657,
    "threshold": 0.2,
    "cvr_optimal": 0.8872180451127819,
    "mvr_optimal": 0.7697841726618705,
    "optimal_threshold": 0.321641206741333,
    "n_oos": 1064,
    "n_is": 1668,
    "oos_ratio": 0.38945827232796487
  },
  "disagreement": {
    "method": "disagreement",
    "auc": 0.3509045207443068,
    "cvr_at_threshold": 0.005639097744360902,
    "mvr_at_threshold": 0.01498800959232614,
    "threshold": 0.2,
    "cvr_optimal": 0.9924812030075187,
    "mvr_optimal": 0.9850119904076738,
    "optimal_threshold": 1.1629357813847108e-05,
    "n_oos": 1064,
    "n_is": 1668,
    "oos_ratio": 0.38945827232796487
  },
  "entropy": {
    "method": "entropy",
    "auc": 0.646212822974703,
    "cvr_at_threshold": 1.0,
    "mvr_at_threshold": 1.0,
    "threshold": 0.2,
    "cvr_optimal": 0.831766917293233,
    "mvr_optimal": 0.6001199040767387,
    "optimal_threshold": 0.9146165292117076,
    "n_oos": 1064,
    "n_is": 1668,
    "oos_ratio": 0.38945827232796487
  },
  "confidence_delta": {
    "method": "confidence_delta",
    "auc": 0.3547783014190151,
    "cvr_at_threshold": 0.5234962406015038,
    "mvr_at_threshold": 0.7002398081534772,
    "threshold": 0.2,
    "cvr_optimal": 0.9943609022556391,
    "mvr_optimal": 0.9910071942446043,
    "optimal_threshold": 0.004355056053338615,
    "n_oos": 1064,
    "n_is": 1668,
    "oos_ratio": 0.38945827232796487
  },
  "composite": {
    "method": "composite",
    "auc": 0.420502413858387,
    "cvr_at_threshold": 1.0,
    "mvr_at_threshold": 1.0,
    "threshold": 0.2,
    "cvr_optimal": 0.0,
    "mvr_optimal": 0.0,
    "optimal_threshold": Infinity,
    "n_oos": 1064,
    "n_is": 1668,
    "oos_ratio": 0.38945827232796487
  },
  "energy_score": {
    "method": "energy_score",
    "auc": 0.35378717702529705,
    "cvr_at_threshold": 1.0,
    "mvr_at_threshold": 1.0,
    "threshold": 0.2,
    "cvr_optimal": 0.9915413533834586,
    "mvr_optimal": 0.9838129496402878,
    "optimal_threshold": 1.1932041645050049,
    "n_oos": 1064,
    "n_is": 1668,
    "oos_ratio": 0.38945827232796487
  },
  "mahalanobis": {
    "method": "mahalanobis",
    "auc": 0.4765429197994987,
    "cvr_at_threshold": 0.0,
    "mvr_at_threshold": 0.0,
    "threshold": 0.2,
    "cvr_optimal": 0.974624060150376,
    "mvr_optimal": 0.9628297362110312,
    "optimal_threshold": -1497.0511474609375,
    "n_oos": 1064,
    "n_is": 1668,
    "oos_ratio": 0.38945827232796487
  },
  "relative_mahalanobis": {
    "method": "relative_mahalanobis",
    "auc": 0.35467406150267755,
    "cvr_at_threshold": 0.5140977443609023,
    "mvr_at_threshold": 0.7038369304556354,
    "threshold": 0.2,
    "cvr_optimal": 0.9943609022556391,
    "mvr_optimal": 0.9928057553956835,
    "optimal_threshold": -0.5203239917755127,
    "n_oos": 1064,
    "n_is": 1668,
    "oos_ratio": 0.38945827232796487
  }
}