{
  "B1 model-only": {
    "acc": 0.6090775988286969,
    "f1": 0.6034309256290276,
    "mcc": 0.25854851810862084,
    "ece": 0.2284349651017266,
    "brier": 0.5603709778675084,
    "meanconf": 0.8356720805168152
  },
  "B3 +temp T=3.75": {
    "acc": 0.6090775988286969,
    "f1": 0.6034309256290276,
    "mcc": 0.25854851810862084,
    "ece": 0.06138468273038573,
    "brier": 0.4463704132117088,
    "meanconf": 0.6418135166168213
  },
  "B4 kNN (unpatched T=10)": {
    "acc": 0.6138360175695461,
    "f1": 0.613479264604023,
    "mcc": 0.2424638815063954,
    "ece": 0.18236293697751504,
    "brier": 0.5091906000555892,
    "meanconf": 0.7958291765816528
  },
  "B4 kNN (P1 T=0.1 +P3)": {
    "acc": 0.5951683748169839,
    "f1": 0.5951508005627386,
    "mcc": 0.19955940611600584,
    "ece": 0.23147176650100995,
    "brier": 0.5665896746425548,
    "meanconf": 0.8266401413179939
  },
  "M1 OURS (unpatched)": {
    "acc": 0.6112737920937042,
    "f1": 0.6111329130211014,
    "mcc": 0.23469138567802447,
    "ece": 0.10627759599000632,
    "brier": 0.45818386360400964,
    "meanconf": 0.7175513880837106
  },
  "M1+ (P1+P3)": {
    "acc": 0.595900439238653,
    "f1": 0.5958742332521365,
    "mcc": 0.19817023518423432,
    "ece": 0.14712797828165602,
    "brier": 0.4958059923194622,
    "meanconf": 0.743028417520309
  },
  "M1++ (P1+P3+P4 recal T=2.01)": {
    "acc": 0.595900439238653,
    "f1": 0.5958742332521365,
    "mcc": 0.19817023518423432,
    "ece": 0.08495011986436797,
    "brier": 0.45697947682939527,
    "meanconf": 0.6382668508171636
  }
}