{
  "0": {
    "spt_level": 0,
    "alpha": 0.05,
    "method": "raps",
    "q_hat": 0.9440659995651108,
    "marginal_coverage": 0.9889118864577173,
    "avg_set_size": 2.9963039621525724,
    "singleton_rate": 0.0,
    "empty_rate": 0.0,
    "point_accuracy": 0.8366351271437019,
    "n_samples": 6764
  },
  "1": {
    "spt_level": 1,
    "alpha": 0.05,
    "method": "raps",
    "q_hat": 0.9440659995651108,
    "marginal_coverage": 0.986989946777055,
    "avg_set_size": 2.996895328208161,
    "singleton_rate": 0.0,
    "empty_rate": 0.0,
    "point_accuracy": 0.8236250739207569,
    "n_samples": 6764
  },
  "2": {
    "spt_level": 2,
    "alpha": 0.05,
    "method": "raps",
    "q_hat": 0.9440659995651108,
    "marginal_coverage": 0.9852158486102898,
    "avg_set_size": 2.9967474866942636,
    "singleton_rate": 0.0,
    "empty_rate": 0.0,
    "point_accuracy": 0.8094322885866351,
    "n_samples": 6764
  },
  "3": {
    "spt_level": 3,
    "alpha": 0.05,
    "method": "raps",
    "q_hat": 0.9440659995651108,
    "marginal_coverage": 0.9844766410408042,
    "avg_set_size": 2.9980780603193375,
    "singleton_rate": 0.0,
    "empty_rate": 0.0,
    "point_accuracy": 0.7979006505026611,
    "n_samples": 6764
  }
}