{
  "verdict": "WEAK",
  "best": "S1_local_label_consistency",
  "acc_baseline": {
    "spearman": -0.40512094135711263,
    "lodo_sign": 0.85
  },
  "scores": {
    "S1_local_label_consistency": {
      "rho": -0.3960847865313034,
      "p": 0.08384240046863362,
      "partial_r": -0.23486318005689966,
      "partial_p": 0.3188894072431334,
      "ols_S_t": -0.9962318589356894,
      "ols_S_p": 0.33310731730243026,
      "lodo_S_mae": 0.029258770581416786,
      "lodo_S_sign": 0.85,
      "lodo_accS_mae": 0.06697518822474968,
      "lodo_accS_sign": 0.75
    },
    "S2_fisher_ratio": {
      "rho": -0.06475910958496596,
      "p": 0.786200251265722,
      "partial_r": 0.014116112008383806,
      "partial_p": 0.9528988081586833,
      "ols_S_t": 0.05820802052204221,
      "ols_S_p": 0.9542616720836609,
      "lodo_S_mae": 0.02960404338345053,
      "lodo_S_sign": 0.85,
      "lodo_accS_mae": 0.04376942449075669,
      "lodo_accS_sign": 0.85
    },
    "S3_silhouette": {
      "rho": -0.14307245140864572,
      "p": 0.5473408090895447,
      "partial_r": -0.13229248221572315,
      "partial_p": 0.5782186050289373,
      "ols_S_t": -0.5502925508225086,
      "ols_S_p": 0.5892770343535504,
      "lodo_S_mae": 0.02729672837034159,
      "lodo_S_sign": 0.8,
      "lodo_accS_mae": 0.04050707394638313,
      "lodo_accS_sign": 0.75
    },
    "S4_mahalanobis_margin": {
      "rho": -0.40512094135711263,
      "p": 0.07639823895582831,
      "partial_r": 0.013988816117095446,
      "partial_p": 0.9533231108283691,
      "ols_S_t": 0.057683010611230344,
      "ols_S_p": 0.9546737246452369,
      "lodo_S_mae": 0.04260489755077647,
      "lodo_S_sign": 0.75,
      "lodo_accS_mae": 0.04986465850466921,
      "lodo_accS_sign": 0.75
    }
  }
}